bates_number,status
HOUSE_OVERSIGHT_009974,produced to House Oversight; not posted publicly
HOUSE_OVERSIGHT_009975,produced to House Oversight; not posted publicly
HOUSE_OVERSIGHT_009976,produced to House Oversight; not posted publicly
HOUSE_OVERSIGHT_009977,produced to House Oversight; not posted publicly
HOUSE_OVERSIGHT_009978,produced to House Oversight; not posted publicly
HOUSE_OVERSIGHT_009979,produced to House Oversight; not posted publicly
HOUSE_OVERSIGHT_009980,produced to House Oversight; not posted publicly
HOUSE_OVERSIGHT_009981,produced to House Oversight; not posted publicly
HOUSE_OVERSIGHT_009982,produced to House Oversight; not posted publicly
HOUSE_OVERSIGHT_009983,produced to House Oversight; not posted publicly
HOUSE_OVERSIGHT_009984,produced to House Oversight; not posted publicly
HOUSE_OVERSIGHT_009985,produced to House Oversight; not posted publicly
HOUSE_OVERSIGHT_009986,produced to House Oversight; not posted publicly
HOUSE_OVERSIGHT_009987,produced to House Oversight; not posted publicly
HOUSE_OVERSIGHT_009988,produced to House Oversight; not posted publicly
HOUSE_OVERSIGHT_009989,produced to House Oversight; not posted publicly
HOUSE_OVERSIGHT_009990,produced to House Oversight; not posted publicly
HOUSE_OVERSIGHT_009991,produced to House Oversight; not posted publicly
HOUSE_OVERSIGHT_009992,produced to House Oversight; not posted publicly
HOUSE_OVERSIGHT_009993,produced to House Oversight; not posted publicly
HOUSE_OVERSIGHT_009994,produced to House Oversight; not posted publicly
HOUSE_OVERSIGHT_009995,produced to House Oversight; not posted publicly
HOUSE_OVERSIGHT_009996,produced to House Oversight; not posted publicly
HOUSE_OVERSIGHT_009997,produced to House Oversight; not posted publicly
HOUSE_OVERSIGHT_009998,produced to House Oversight; not posted publicly
HOUSE_OVERSIGHT_009999,produced to House Oversight; not posted publicly
HOUSE_OVERSIGHT_010000,produced to House Oversight; not posted publicly
HOUSE_OVERSIGHT_010001,produced to House Oversight; not posted publicly
HOUSE_OVERSIGHT_010002,produced to House Oversight; not posted publicly
HOUSE_OVERSIGHT_010003,produced to House Oversight; not posted publicly
HOUSE_OVERSIGHT_010004,produced to House Oversight; not posted publicly
HOUSE_OVERSIGHT_010005,produced to House Oversight; not posted publicly
HOUSE_OVERSIGHT_010006,produced to House Oversight; not posted publicly
HOUSE_OVERSIGHT_010007,produced to House Oversight; not posted publicly
HOUSE_OVERSIGHT_010008,produced to House Oversight; not posted publicly
HOUSE_OVERSIGHT_010009,produced to House Oversight; not posted publicly
HOUSE_OVERSIGHT_010010,produced to House Oversight; not posted publicly
HOUSE_OVERSIGHT_010011,produced to House Oversight; not posted publicly
HOUSE_OVERSIGHT_010012,produced to House Oversight; not posted publicly
HOUSE_OVERSIGHT_010013,produced to House Oversight; not posted publicly
HOUSE_OVERSIGHT_010014,produced to House Oversight; not posted publicly
HOUSE_OVERSIGHT_010015,produced to House Oversight; not posted publicly
HOUSE_OVERSIGHT_010016,produced to House Oversight; not posted publicly
HOUSE_OVERSIGHT_010017,produced to House Oversight; not posted publicly
HOUSE_OVERSIGHT_010018,produced to House Oversight; not posted publicly
HOUSE_OVERSIGHT_010019,produced to House Oversight; not posted publicly
HOUSE_OVERSIGHT_010020,produced to House Oversight; not posted publicly
HOUSE_OVERSIGHT_010021,produced to House Oversight; not posted publicly
HOUSE_OVERSIGHT_010022,produced to House Oversight; not posted publicly
HOUSE_OVERSIGHT_010023,produced to House Oversight; not posted publicly
HOUSE_OVERSIGHT_010024,produced to House Oversight; not posted publicly
HOUSE_OVERSIGHT_010025,produced to House Oversight; not posted publicly
HOUSE_OVERSIGHT_010026,produced to House Oversight; not posted publicly
HOUSE_OVERSIGHT_010027,produced to House Oversight; not posted publicly
HOUSE_OVERSIGHT_010028,produced to House Oversight; not posted publicly
HOUSE_OVERSIGHT_010029,produced to House Oversight; not posted publicly
HOUSE_OVERSIGHT_010030,produced to House Oversight; not posted publicly
HOUSE_OVERSIGHT_010031,produced to House Oversight; not posted publicly
HOUSE_OVERSIGHT_010032,produced to House Oversight; not posted publicly
HOUSE_OVERSIGHT_010033,produced to House Oversight; not posted publicly
HOUSE_OVERSIGHT_010034,produced to House Oversight; not posted publicly
HOUSE_OVERSIGHT_010035,produced to House Oversight; not posted publicly
HOUSE_OVERSIGHT_010036,produced to House Oversight; not posted publicly
HOUSE_OVERSIGHT_010037,produced to House Oversight; not posted publicly
HOUSE_OVERSIGHT_010038,produced to House Oversight; not posted publicly
HOUSE_OVERSIGHT_010039,produced to House Oversight; not posted publicly
HOUSE_OVERSIGHT_010040,produced to House Oversight; not posted publicly
HOUSE_OVERSIGHT_010041,produced to House Oversight; not posted publicly
HOUSE_OVERSIGHT_010042,produced to House Oversight; not posted publicly
HOUSE_OVERSIGHT_010043,produced to House Oversight; not posted publicly
HOUSE_OVERSIGHT_010044,produced to House Oversight; not posted publicly
HOUSE_OVERSIGHT_010045,produced to House Oversight; not posted publicly
HOUSE_OVERSIGHT_010046,produced to House Oversight; not posted publicly
HOUSE_OVERSIGHT_010047,produced to House Oversight; not posted publicly
HOUSE_OVERSIGHT_010048,produced to House Oversight; not posted publicly
HOUSE_OVERSIGHT_010049,produced to House Oversight; not posted publicly
HOUSE_OVERSIGHT_010050,produced to House Oversight; not posted publicly
HOUSE_OVERSIGHT_010051,produced to House Oversight; not posted publicly
HOUSE_OVERSIGHT_010052,produced to House Oversight; not posted publicly
HOUSE_OVERSIGHT_010053,produced to House Oversight; not posted publicly
HOUSE_OVERSIGHT_010054,produced to House Oversight; not posted publicly
HOUSE_OVERSIGHT_010055,produced to House Oversight; not posted publicly
HOUSE_OVERSIGHT_010056,produced to House Oversight; not posted publicly
HOUSE_OVERSIGHT_010057,produced to House Oversight; not posted publicly
HOUSE_OVERSIGHT_010058,produced to House Oversight; not posted publicly
HOUSE_OVERSIGHT_010059,produced to House Oversight; not posted publicly
HOUSE_OVERSIGHT_010060,produced to House Oversight; not posted publicly
HOUSE_OVERSIGHT_010061,produced to House Oversight; not posted publicly
HOUSE_OVERSIGHT_010062,produced to House Oversight; not posted publicly
HOUSE_OVERSIGHT_010063,produced to House Oversight; not posted publicly
HOUSE_OVERSIGHT_010064,produced to House Oversight; not posted publicly
HOUSE_OVERSIGHT_010065,produced to House Oversight; not posted publicly
HOUSE_OVERSIGHT_010066,produced to House Oversight; not posted publicly
HOUSE_OVERSIGHT_010067,produced to House Oversight; not posted publicly
HOUSE_OVERSIGHT_010068,produced to House Oversight; not posted publicly
HOUSE_OVERSIGHT_010069,produced to House Oversight; not posted publicly
HOUSE_OVERSIGHT_010070,produced to House Oversight; not posted publicly
HOUSE_OVERSIGHT_010071,produced to House Oversight; not posted publicly
HOUSE_OVERSIGHT_010072,produced to House Oversight; not posted publicly
HOUSE_OVERSIGHT_010073,produced to House Oversight; not posted publicly
HOUSE_OVERSIGHT_010074,produced to House Oversight; not posted publicly
HOUSE_OVERSIGHT_010075,produced to House Oversight; not posted publicly
HOUSE_OVERSIGHT_010076,produced to House Oversight; not posted publicly
HOUSE_OVERSIGHT_010077,produced to House Oversight; not posted publicly
HOUSE_OVERSIGHT_010078,produced to House Oversight; not posted publicly
HOUSE_OVERSIGHT_010079,produced to House Oversight; not posted publicly
HOUSE_OVERSIGHT_010080,produced to House Oversight; not posted publicly
HOUSE_OVERSIGHT_010081,produced to House Oversight; not posted publicly
HOUSE_OVERSIGHT_010082,produced to House Oversight; not posted publicly
HOUSE_OVERSIGHT_010083,produced to House Oversight; not posted publicly
HOUSE_OVERSIGHT_010084,produced to House Oversight; not posted publicly
HOUSE_OVERSIGHT_010085,produced to House Oversight; not posted publicly
HOUSE_OVERSIGHT_010086,produced to House Oversight; not posted publicly
HOUSE_OVERSIGHT_010087,produced to House Oversight; not posted publicly
HOUSE_OVERSIGHT_010088,produced to House Oversight; not posted publicly
HOUSE_OVERSIGHT_010089,produced to House Oversight; not posted publicly
HOUSE_OVERSIGHT_010090,produced to House Oversight; not posted publicly
HOUSE_OVERSIGHT_010091,produced to House Oversight; not posted publicly
HOUSE_OVERSIGHT_010092,produced to House Oversight; not posted publicly
HOUSE_OVERSIGHT_010093,produced to House Oversight; not posted publicly
HOUSE_OVERSIGHT_010094,produced to House Oversight; not posted publicly
HOUSE_OVERSIGHT_010095,produced to House Oversight; not posted publicly
HOUSE_OVERSIGHT_010096,produced to House Oversight; not posted publicly
HOUSE_OVERSIGHT_010097,produced to House Oversight; not posted publicly
HOUSE_OVERSIGHT_010098,produced to House Oversight; not posted publicly
HOUSE_OVERSIGHT_010099,produced to House Oversight; not posted publicly
HOUSE_OVERSIGHT_010100,produced to House Oversight; not posted publicly
HOUSE_OVERSIGHT_010101,produced to House Oversight; not posted publicly
HOUSE_OVERSIGHT_010102,produced to House Oversight; not posted publicly
HOUSE_OVERSIGHT_010103,produced to House Oversight; not posted publicly
HOUSE_OVERSIGHT_010104,produced to House Oversight; not posted publicly
HOUSE_OVERSIGHT_010105,produced to House Oversight; not posted publicly
HOUSE_OVERSIGHT_010106,produced to House Oversight; not posted publicly
HOUSE_OVERSIGHT_010107,produced to House Oversight; not posted publicly
HOUSE_OVERSIGHT_010108,produced to House Oversight; not posted publicly
HOUSE_OVERSIGHT_010109,produced to House Oversight; not posted publicly
HOUSE_OVERSIGHT_010110,produced to House Oversight; not posted publicly
HOUSE_OVERSIGHT_010111,produced to House Oversight; not posted publicly
HOUSE_OVERSIGHT_010112,produced to House Oversight; not posted publicly
HOUSE_OVERSIGHT_010113,produced to House Oversight; not posted publicly
HOUSE_OVERSIGHT_010114,produced to House Oversight; not posted publicly
HOUSE_OVERSIGHT_010115,produced to House Oversight; not posted publicly
HOUSE_OVERSIGHT_010116,produced to House Oversight; not posted publicly
HOUSE_OVERSIGHT_010117,produced to House Oversight; not posted publicly
HOUSE_OVERSIGHT_010118,produced to House Oversight; not posted publicly
HOUSE_OVERSIGHT_010119,produced to House Oversight; not posted publicly
HOUSE_OVERSIGHT_010120,produced to House Oversight; not posted publicly
HOUSE_OVERSIGHT_010121,produced to House Oversight; not posted publicly
HOUSE_OVERSIGHT_010122,produced to House Oversight; not posted publicly
HOUSE_OVERSIGHT_010123,produced to House Oversight; not posted publicly
HOUSE_OVERSIGHT_010124,produced to House Oversight; not posted publicly
HOUSE_OVERSIGHT_010125,produced to House Oversight; not posted publicly
HOUSE_OVERSIGHT_010126,produced to House Oversight; not posted publicly
HOUSE_OVERSIGHT_010127,produced to House Oversight; not posted publicly
HOUSE_OVERSIGHT_010128,produced to House Oversight; not posted publicly
HOUSE_OVERSIGHT_010129,produced to House Oversight; not posted publicly
HOUSE_OVERSIGHT_010130,produced to House Oversight; not posted publicly
HOUSE_OVERSIGHT_010131,produced to House Oversight; not posted publicly
HOUSE_OVERSIGHT_010132,produced to House Oversight; not posted publicly
HOUSE_OVERSIGHT_010133,produced to House Oversight; not posted publicly
HOUSE_OVERSIGHT_010134,produced to House Oversight; not posted publicly
HOUSE_OVERSIGHT_010135,produced to House Oversight; not posted publicly
HOUSE_OVERSIGHT_010136,produced to House Oversight; not posted publicly
HOUSE_OVERSIGHT_010137,produced to House Oversight; not posted publicly
HOUSE_OVERSIGHT_010138,produced to House Oversight; not posted publicly
HOUSE_OVERSIGHT_010139,produced to House Oversight; not posted publicly
HOUSE_OVERSIGHT_010140,produced to House Oversight; not posted publicly
HOUSE_OVERSIGHT_010141,produced to House Oversight; not posted publicly
HOUSE_OVERSIGHT_010142,produced to House Oversight; not posted publicly
HOUSE_OVERSIGHT_010143,produced to House Oversight; not posted publicly
HOUSE_OVERSIGHT_010144,produced to House Oversight; not posted publicly
HOUSE_OVERSIGHT_010145,produced to House Oversight; not posted publicly
HOUSE_OVERSIGHT_010146,produced to House Oversight; not posted publicly
HOUSE_OVERSIGHT_010147,produced to House Oversight; not posted publicly
HOUSE_OVERSIGHT_010148,produced to House Oversight; not posted publicly
HOUSE_OVERSIGHT_010149,produced to House Oversight; not posted publicly
HOUSE_OVERSIGHT_010150,produced to House Oversight; not posted publicly
HOUSE_OVERSIGHT_010151,produced to House Oversight; not posted publicly
HOUSE_OVERSIGHT_010152,produced to House Oversight; not posted publicly
HOUSE_OVERSIGHT_010153,produced to House Oversight; not posted publicly
HOUSE_OVERSIGHT_010154,produced to House Oversight; not posted publicly
HOUSE_OVERSIGHT_010155,produced to House Oversight; not posted publicly
HOUSE_OVERSIGHT_010156,produced to House Oversight; not posted publicly
HOUSE_OVERSIGHT_010157,produced to House Oversight; not posted publicly
HOUSE_OVERSIGHT_010158,produced to House Oversight; not posted publicly
HOUSE_OVERSIGHT_010159,produced to House Oversight; not posted publicly
HOUSE_OVERSIGHT_010160,produced to House Oversight; not posted publicly
HOUSE_OVERSIGHT_010161,produced to House Oversight; not posted publicly
HOUSE_OVERSIGHT_010162,produced to House Oversight; not posted publicly
HOUSE_OVERSIGHT_010163,produced to House Oversight; not posted publicly
HOUSE_OVERSIGHT_010164,produced to House Oversight; not posted publicly
HOUSE_OVERSIGHT_010165,produced to House Oversight; not posted publicly
HOUSE_OVERSIGHT_010166,produced to House Oversight; not posted publicly
HOUSE_OVERSIGHT_010167,produced to House Oversight; not posted publicly
HOUSE_OVERSIGHT_010168,produced to House Oversight; not posted publicly
HOUSE_OVERSIGHT_010169,produced to House Oversight; not posted publicly
HOUSE_OVERSIGHT_010170,produced to House Oversight; not posted publicly
HOUSE_OVERSIGHT_010171,produced to House Oversight; not posted publicly
HOUSE_OVERSIGHT_010172,produced to House Oversight; not posted publicly
HOUSE_OVERSIGHT_010173,produced to House Oversight; not posted publicly
HOUSE_OVERSIGHT_010174,produced to House Oversight; not posted publicly
HOUSE_OVERSIGHT_010175,produced to House Oversight; not posted publicly
HOUSE_OVERSIGHT_010176,produced to House Oversight; not posted publicly
HOUSE_OVERSIGHT_010177,produced to House Oversight; not posted publicly
HOUSE_OVERSIGHT_010178,produced to House Oversight; not posted publicly
HOUSE_OVERSIGHT_010179,produced to House Oversight; not posted publicly
HOUSE_OVERSIGHT_010180,produced to House Oversight; not posted publicly
HOUSE_OVERSIGHT_010181,produced to House Oversight; not posted publicly
HOUSE_OVERSIGHT_010182,produced to House Oversight; not posted publicly
HOUSE_OVERSIGHT_010183,produced to House Oversight; not posted publicly
HOUSE_OVERSIGHT_010184,produced to House Oversight; not posted publicly
HOUSE_OVERSIGHT_010185,produced to House Oversight; not posted publicly
HOUSE_OVERSIGHT_010186,produced to House Oversight; not posted publicly
HOUSE_OVERSIGHT_010187,produced to House Oversight; not posted publicly
HOUSE_OVERSIGHT_010188,produced to House Oversight; not posted publicly
HOUSE_OVERSIGHT_010189,produced to House Oversight; not posted publicly
HOUSE_OVERSIGHT_010190,produced to House Oversight; not posted publicly
HOUSE_OVERSIGHT_010191,produced to House Oversight; not posted publicly
HOUSE_OVERSIGHT_010192,produced to House Oversight; not posted publicly
HOUSE_OVERSIGHT_010193,produced to House Oversight; not posted publicly
HOUSE_OVERSIGHT_010194,produced to House Oversight; not posted publicly
HOUSE_OVERSIGHT_010195,produced to House Oversight; not posted publicly
HOUSE_OVERSIGHT_010196,produced to House Oversight; not posted publicly
HOUSE_OVERSIGHT_010197,produced to House Oversight; not posted publicly
HOUSE_OVERSIGHT_010198,produced to House Oversight; not posted publicly
HOUSE_OVERSIGHT_010199,produced to House Oversight; not posted publicly
HOUSE_OVERSIGHT_010200,produced to House Oversight; not posted publicly
HOUSE_OVERSIGHT_010201,produced to House Oversight; not posted publicly
HOUSE_OVERSIGHT_010202,produced to House Oversight; not posted publicly
HOUSE_OVERSIGHT_010203,produced to House Oversight; not posted publicly
HOUSE_OVERSIGHT_010204,produced to House Oversight; not posted publicly
HOUSE_OVERSIGHT_010205,produced to House Oversight; not posted publicly
HOUSE_OVERSIGHT_010206,produced to House Oversight; not posted publicly
HOUSE_OVERSIGHT_010207,produced to House Oversight; not posted publicly
HOUSE_OVERSIGHT_010208,produced to House Oversight; not posted publicly
HOUSE_OVERSIGHT_010209,produced to House Oversight; not posted publicly
HOUSE_OVERSIGHT_010210,produced to House Oversight; not posted publicly
HOUSE_OVERSIGHT_010211,produced to House Oversight; not posted publicly
HOUSE_OVERSIGHT_010212,produced to House Oversight; not posted publicly
HOUSE_OVERSIGHT_010213,produced to House Oversight; not posted publicly
HOUSE_OVERSIGHT_010214,produced to House Oversight; not posted publicly
HOUSE_OVERSIGHT_010215,produced to House Oversight; not posted publicly
HOUSE_OVERSIGHT_010216,produced to House Oversight; not posted publicly
HOUSE_OVERSIGHT_010217,produced to House Oversight; not posted publicly
HOUSE_OVERSIGHT_010218,produced to House Oversight; not posted publicly
HOUSE_OVERSIGHT_010219,produced to House Oversight; not posted publicly
HOUSE_OVERSIGHT_010220,produced to House Oversight; not posted publicly
HOUSE_OVERSIGHT_010221,produced to House Oversight; not posted publicly
HOUSE_OVERSIGHT_010222,produced to House Oversight; not posted publicly
HOUSE_OVERSIGHT_010223,produced to House Oversight; not posted publicly
HOUSE_OVERSIGHT_010224,produced to House Oversight; not posted publicly
HOUSE_OVERSIGHT_010225,produced to House Oversight; not posted publicly
HOUSE_OVERSIGHT_010226,produced to House Oversight; not posted publicly
HOUSE_OVERSIGHT_010227,produced to House Oversight; not posted publicly
HOUSE_OVERSIGHT_010228,produced to House Oversight; not posted publicly
HOUSE_OVERSIGHT_010229,produced to House Oversight; not posted publicly
HOUSE_OVERSIGHT_010230,produced to House Oversight; not posted publicly
HOUSE_OVERSIGHT_010231,produced to House Oversight; not posted publicly
HOUSE_OVERSIGHT_010232,produced to House Oversight; not posted publicly
HOUSE_OVERSIGHT_010233,produced to House Oversight; not posted publicly
HOUSE_OVERSIGHT_010234,produced to House Oversight; not posted publicly
HOUSE_OVERSIGHT_010235,produced to House Oversight; not posted publicly
HOUSE_OVERSIGHT_010236,produced to House Oversight; not posted publicly
HOUSE_OVERSIGHT_010237,produced to House Oversight; not posted publicly
HOUSE_OVERSIGHT_010238,produced to House Oversight; not posted publicly
HOUSE_OVERSIGHT_010239,produced to House Oversight; not posted publicly
HOUSE_OVERSIGHT_010240,produced to House Oversight; not posted publicly
HOUSE_OVERSIGHT_010241,produced to House Oversight; not posted publicly
HOUSE_OVERSIGHT_010242,produced to House Oversight; not posted publicly
HOUSE_OVERSIGHT_010243,produced to House Oversight; not posted publicly
HOUSE_OVERSIGHT_010244,produced to House Oversight; not posted publicly
HOUSE_OVERSIGHT_010245,produced to House Oversight; not posted publicly
HOUSE_OVERSIGHT_010246,produced to House Oversight; not posted publicly
HOUSE_OVERSIGHT_010247,produced to House Oversight; not posted publicly
HOUSE_OVERSIGHT_010248,produced to House Oversight; not posted publicly
HOUSE_OVERSIGHT_010249,produced to House Oversight; not posted publicly
HOUSE_OVERSIGHT_010250,produced to House Oversight; not posted publicly
HOUSE_OVERSIGHT_010251,produced to House Oversight; not posted publicly
HOUSE_OVERSIGHT_010252,produced to House Oversight; not posted publicly
HOUSE_OVERSIGHT_010253,produced to House Oversight; not posted publicly
HOUSE_OVERSIGHT_010254,produced to House Oversight; not posted publicly
HOUSE_OVERSIGHT_010255,produced to House Oversight; not posted publicly
HOUSE_OVERSIGHT_010256,produced to House Oversight; not posted publicly
HOUSE_OVERSIGHT_010257,produced to House Oversight; not posted publicly
HOUSE_OVERSIGHT_010258,produced to House Oversight; not posted publicly
HOUSE_OVERSIGHT_010259,produced to House Oversight; not posted publicly
HOUSE_OVERSIGHT_010260,produced to House Oversight; not posted publicly
HOUSE_OVERSIGHT_010261,produced to House Oversight; not posted publicly
HOUSE_OVERSIGHT_010262,produced to House Oversight; not posted publicly
HOUSE_OVERSIGHT_010263,produced to House Oversight; not posted publicly
HOUSE_OVERSIGHT_010264,produced to House Oversight; not posted publicly
HOUSE_OVERSIGHT_010265,produced to House Oversight; not posted publicly
HOUSE_OVERSIGHT_010266,produced to House Oversight; not posted publicly
HOUSE_OVERSIGHT_010267,produced to House Oversight; not posted publicly
HOUSE_OVERSIGHT_010268,produced to House Oversight; not posted publicly
HOUSE_OVERSIGHT_010269,produced to House Oversight; not posted publicly
HOUSE_OVERSIGHT_010270,produced to House Oversight; not posted publicly
HOUSE_OVERSIGHT_010271,produced to House Oversight; not posted publicly
HOUSE_OVERSIGHT_010272,produced to House Oversight; not posted publicly
HOUSE_OVERSIGHT_010273,produced to House Oversight; not posted publicly
HOUSE_OVERSIGHT_010274,produced to House Oversight; not posted publicly
HOUSE_OVERSIGHT_010275,produced to House Oversight; not posted publicly
HOUSE_OVERSIGHT_010276,produced to House Oversight; not posted publicly
HOUSE_OVERSIGHT_010277,produced to House Oversight; not posted publicly
HOUSE_OVERSIGHT_010278,produced to House Oversight; not posted publicly
HOUSE_OVERSIGHT_010279,produced to House Oversight; not posted publicly
HOUSE_OVERSIGHT_010280,produced to House Oversight; not posted publicly
HOUSE_OVERSIGHT_010281,produced to House Oversight; not posted publicly
HOUSE_OVERSIGHT_010282,produced to House Oversight; not posted publicly
HOUSE_OVERSIGHT_010283,produced to House Oversight; not posted publicly
HOUSE_OVERSIGHT_010284,produced to House Oversight; not posted publicly
HOUSE_OVERSIGHT_010285,produced to House Oversight; not posted publicly
HOUSE_OVERSIGHT_010286,produced to House Oversight; not posted publicly
HOUSE_OVERSIGHT_010287,produced to House Oversight; not posted publicly
HOUSE_OVERSIGHT_010288,produced to House Oversight; not posted publicly
HOUSE_OVERSIGHT_010289,produced to House Oversight; not posted publicly
HOUSE_OVERSIGHT_010290,produced to House Oversight; not posted publicly
HOUSE_OVERSIGHT_010291,produced to House Oversight; not posted publicly
HOUSE_OVERSIGHT_010292,produced to House Oversight; not posted publicly
HOUSE_OVERSIGHT_010293,produced to House Oversight; not posted publicly
HOUSE_OVERSIGHT_010294,produced to House Oversight; not posted publicly
HOUSE_OVERSIGHT_010295,produced to House Oversight; not posted publicly
HOUSE_OVERSIGHT_010296,produced to House Oversight; not posted publicly
HOUSE_OVERSIGHT_010297,produced to House Oversight; not posted publicly
HOUSE_OVERSIGHT_010298,produced to House Oversight; not posted publicly
HOUSE_OVERSIGHT_010299,produced to House Oversight; not posted publicly
HOUSE_OVERSIGHT_010300,produced to House Oversight; not posted publicly
HOUSE_OVERSIGHT_010301,produced to House Oversight; not posted publicly
HOUSE_OVERSIGHT_010302,produced to House Oversight; not posted publicly
HOUSE_OVERSIGHT_010303,produced to House Oversight; not posted publicly
HOUSE_OVERSIGHT_010304,produced to House Oversight; not posted publicly
HOUSE_OVERSIGHT_010305,produced to House Oversight; not posted publicly
HOUSE_OVERSIGHT_010306,produced to House Oversight; not posted publicly
HOUSE_OVERSIGHT_010307,produced to House Oversight; not posted publicly
HOUSE_OVERSIGHT_010308,produced to House Oversight; not posted publicly
HOUSE_OVERSIGHT_010309,produced to House Oversight; not posted publicly
HOUSE_OVERSIGHT_010310,produced to House Oversight; not posted publicly
HOUSE_OVERSIGHT_010311,produced to House Oversight; not posted publicly
HOUSE_OVERSIGHT_010312,produced to House Oversight; not posted publicly
HOUSE_OVERSIGHT_010313,produced to House Oversight; not posted publicly
HOUSE_OVERSIGHT_010314,produced to House Oversight; not posted publicly
HOUSE_OVERSIGHT_010315,produced to House Oversight; not posted publicly
HOUSE_OVERSIGHT_010316,produced to House Oversight; not posted publicly
HOUSE_OVERSIGHT_010317,produced to House Oversight; not posted publicly
HOUSE_OVERSIGHT_010318,produced to House Oversight; not posted publicly
HOUSE_OVERSIGHT_010319,produced to House Oversight; not posted publicly
HOUSE_OVERSIGHT_010320,produced to House Oversight; not posted publicly
HOUSE_OVERSIGHT_010321,produced to House Oversight; not posted publicly
HOUSE_OVERSIGHT_010322,produced to House Oversight; not posted publicly
HOUSE_OVERSIGHT_010323,produced to House Oversight; not posted publicly
HOUSE_OVERSIGHT_010324,produced to House Oversight; not posted publicly
HOUSE_OVERSIGHT_010325,produced to House Oversight; not posted publicly
HOUSE_OVERSIGHT_010326,produced to House Oversight; not posted publicly
HOUSE_OVERSIGHT_010327,produced to House Oversight; not posted publicly
HOUSE_OVERSIGHT_010328,produced to House Oversight; not posted publicly
HOUSE_OVERSIGHT_010329,produced to House Oversight; not posted publicly
HOUSE_OVERSIGHT_010330,produced to House Oversight; not posted publicly
HOUSE_OVERSIGHT_010331,produced to House Oversight; not posted publicly
HOUSE_OVERSIGHT_010332,produced to House Oversight; not posted publicly
HOUSE_OVERSIGHT_010333,produced to House Oversight; not posted publicly
HOUSE_OVERSIGHT_010334,produced to House Oversight; not posted publicly
HOUSE_OVERSIGHT_010335,produced to House Oversight; not posted publicly
HOUSE_OVERSIGHT_010336,produced to House Oversight; not posted publicly
HOUSE_OVERSIGHT_010337,produced to House Oversight; not posted publicly
HOUSE_OVERSIGHT_010338,produced to House Oversight; not posted publicly
HOUSE_OVERSIGHT_010339,produced to House Oversight; not posted publicly
HOUSE_OVERSIGHT_010340,produced to House Oversight; not posted publicly
HOUSE_OVERSIGHT_010341,produced to House Oversight; not posted publicly
HOUSE_OVERSIGHT_010342,produced to House Oversight; not posted publicly
HOUSE_OVERSIGHT_010343,produced to House Oversight; not posted publicly
HOUSE_OVERSIGHT_010344,produced to House Oversight; not posted publicly
HOUSE_OVERSIGHT_010345,produced to House Oversight; not posted publicly
HOUSE_OVERSIGHT_010346,produced to House Oversight; not posted publicly
HOUSE_OVERSIGHT_010347,produced to House Oversight; not posted publicly
HOUSE_OVERSIGHT_010348,produced to House Oversight; not posted publicly
HOUSE_OVERSIGHT_010349,produced to House Oversight; not posted publicly
HOUSE_OVERSIGHT_010350,produced to House Oversight; not posted publicly
HOUSE_OVERSIGHT_010351,produced to House Oversight; not posted publicly
HOUSE_OVERSIGHT_010352,produced to House Oversight; not posted publicly
HOUSE_OVERSIGHT_010353,produced to House Oversight; not posted publicly
HOUSE_OVERSIGHT_010354,produced to House Oversight; not posted publicly
HOUSE_OVERSIGHT_010355,produced to House Oversight; not posted publicly
HOUSE_OVERSIGHT_010356,produced to House Oversight; not posted publicly
HOUSE_OVERSIGHT_010357,produced to House Oversight; not posted publicly
HOUSE_OVERSIGHT_010358,produced to House Oversight; not posted publicly
HOUSE_OVERSIGHT_010359,produced to House Oversight; not posted publicly
HOUSE_OVERSIGHT_010360,produced to House Oversight; not posted publicly
HOUSE_OVERSIGHT_010361,produced to House Oversight; not posted publicly
HOUSE_OVERSIGHT_010362,produced to House Oversight; not posted publicly
HOUSE_OVERSIGHT_010363,produced to House Oversight; not posted publicly
HOUSE_OVERSIGHT_010364,produced to House Oversight; not posted publicly
HOUSE_OVERSIGHT_010365,produced to House Oversight; not posted publicly
HOUSE_OVERSIGHT_010366,produced to House Oversight; not posted publicly
HOUSE_OVERSIGHT_010367,produced to House Oversight; not posted publicly
HOUSE_OVERSIGHT_010368,produced to House Oversight; not posted publicly
HOUSE_OVERSIGHT_010369,produced to House Oversight; not posted publicly
HOUSE_OVERSIGHT_010370,produced to House Oversight; not posted publicly
HOUSE_OVERSIGHT_010371,produced to House Oversight; not posted publicly
HOUSE_OVERSIGHT_010372,produced to House Oversight; not posted publicly
HOUSE_OVERSIGHT_010373,produced to House Oversight; not posted publicly
HOUSE_OVERSIGHT_010374,produced to House Oversight; not posted publicly
HOUSE_OVERSIGHT_010375,produced to House Oversight; not posted publicly
HOUSE_OVERSIGHT_010376,produced to House Oversight; not posted publicly
HOUSE_OVERSIGHT_010377,produced to House Oversight; not posted publicly
HOUSE_OVERSIGHT_010378,produced to House Oversight; not posted publicly
HOUSE_OVERSIGHT_010379,produced to House Oversight; not posted publicly
HOUSE_OVERSIGHT_010380,produced to House Oversight; not posted publicly
HOUSE_OVERSIGHT_010381,produced to House Oversight; not posted publicly
HOUSE_OVERSIGHT_010382,produced to House Oversight; not posted publicly
HOUSE_OVERSIGHT_010383,produced to House Oversight; not posted publicly
HOUSE_OVERSIGHT_010384,produced to House Oversight; not posted publicly
HOUSE_OVERSIGHT_010385,produced to House Oversight; not posted publicly
HOUSE_OVERSIGHT_010386,produced to House Oversight; not posted publicly
HOUSE_OVERSIGHT_010387,produced to House Oversight; not posted publicly
HOUSE_OVERSIGHT_010388,produced to House Oversight; not posted publicly
HOUSE_OVERSIGHT_010389,produced to House Oversight; not posted publicly
HOUSE_OVERSIGHT_010390,produced to House Oversight; not posted publicly
HOUSE_OVERSIGHT_010391,produced to House Oversight; not posted publicly
HOUSE_OVERSIGHT_010392,produced to House Oversight; not posted publicly
HOUSE_OVERSIGHT_010393,produced to House Oversight; not posted publicly
HOUSE_OVERSIGHT_010394,produced to House Oversight; not posted publicly
HOUSE_OVERSIGHT_010395,produced to House Oversight; not posted publicly
HOUSE_OVERSIGHT_010396,produced to House Oversight; not posted publicly
HOUSE_OVERSIGHT_010397,produced to House Oversight; not posted publicly
HOUSE_OVERSIGHT_010398,produced to House Oversight; not posted publicly
HOUSE_OVERSIGHT_010399,produced to House Oversight; not posted publicly
HOUSE_OVERSIGHT_010400,produced to House Oversight; not posted publicly
HOUSE_OVERSIGHT_010401,produced to House Oversight; not posted publicly
HOUSE_OVERSIGHT_010402,produced to House Oversight; not posted publicly
HOUSE_OVERSIGHT_010403,produced to House Oversight; not posted publicly
HOUSE_OVERSIGHT_010404,produced to House Oversight; not posted publicly
HOUSE_OVERSIGHT_010405,produced to House Oversight; not posted publicly
HOUSE_OVERSIGHT_010406,produced to House Oversight; not posted publicly
HOUSE_OVERSIGHT_010407,produced to House Oversight; not posted publicly
HOUSE_OVERSIGHT_010408,produced to House Oversight; not posted publicly
HOUSE_OVERSIGHT_010409,produced to House Oversight; not posted publicly
HOUSE_OVERSIGHT_010410,produced to House Oversight; not posted publicly
HOUSE_OVERSIGHT_010411,produced to House Oversight; not posted publicly
HOUSE_OVERSIGHT_010412,produced to House Oversight; not posted publicly
HOUSE_OVERSIGHT_010413,produced to House Oversight; not posted publicly
HOUSE_OVERSIGHT_010414,produced to House Oversight; not posted publicly
HOUSE_OVERSIGHT_010415,produced to House Oversight; not posted publicly
HOUSE_OVERSIGHT_010416,produced to House Oversight; not posted publicly
HOUSE_OVERSIGHT_010417,produced to House Oversight; not posted publicly
HOUSE_OVERSIGHT_010418,produced to House Oversight; not posted publicly
HOUSE_OVERSIGHT_010419,produced to House Oversight; not posted publicly
HOUSE_OVERSIGHT_010420,produced to House Oversight; not posted publicly
HOUSE_OVERSIGHT_010421,produced to House Oversight; not posted publicly
HOUSE_OVERSIGHT_010422,produced to House Oversight; not posted publicly
HOUSE_OVERSIGHT_010423,produced to House Oversight; not posted publicly
HOUSE_OVERSIGHT_010424,produced to House Oversight; not posted publicly
HOUSE_OVERSIGHT_010425,produced to House Oversight; not posted publicly
HOUSE_OVERSIGHT_010426,produced to House Oversight; not posted publicly
HOUSE_OVERSIGHT_010427,produced to House Oversight; not posted publicly
HOUSE_OVERSIGHT_010428,produced to House Oversight; not posted publicly
HOUSE_OVERSIGHT_010429,produced to House Oversight; not posted publicly
HOUSE_OVERSIGHT_010430,produced to House Oversight; not posted publicly
HOUSE_OVERSIGHT_010431,produced to House Oversight; not posted publicly
HOUSE_OVERSIGHT_010432,produced to House Oversight; not posted publicly
HOUSE_OVERSIGHT_010433,produced to House Oversight; not posted publicly
HOUSE_OVERSIGHT_010434,produced to House Oversight; not posted publicly
HOUSE_OVERSIGHT_010435,produced to House Oversight; not posted publicly
HOUSE_OVERSIGHT_010436,produced to House Oversight; not posted publicly
HOUSE_OVERSIGHT_010437,produced to House Oversight; not posted publicly
HOUSE_OVERSIGHT_010438,produced to House Oversight; not posted publicly
HOUSE_OVERSIGHT_010439,produced to House Oversight; not posted publicly
HOUSE_OVERSIGHT_010440,produced to House Oversight; not posted publicly
HOUSE_OVERSIGHT_010441,produced to House Oversight; not posted publicly
HOUSE_OVERSIGHT_010442,produced to House Oversight; not posted publicly
HOUSE_OVERSIGHT_010443,produced to House Oversight; not posted publicly
HOUSE_OVERSIGHT_010444,produced to House Oversight; not posted publicly
HOUSE_OVERSIGHT_010445,produced to House Oversight; not posted publicly
HOUSE_OVERSIGHT_010446,produced to House Oversight; not posted publicly
HOUSE_OVERSIGHT_010447,produced to House Oversight; not posted publicly
HOUSE_OVERSIGHT_010448,produced to House Oversight; not posted publicly
HOUSE_OVERSIGHT_010449,produced to House Oversight; not posted publicly
HOUSE_OVERSIGHT_010450,produced to House Oversight; not posted publicly
HOUSE_OVERSIGHT_010451,produced to House Oversight; not posted publicly
HOUSE_OVERSIGHT_010452,produced to House Oversight; not posted publicly
HOUSE_OVERSIGHT_010453,produced to House Oversight; not posted publicly
HOUSE_OVERSIGHT_010454,produced to House Oversight; not posted publicly
HOUSE_OVERSIGHT_010455,produced to House Oversight; not posted publicly
HOUSE_OVERSIGHT_010456,produced to House Oversight; not posted publicly
HOUSE_OVERSIGHT_010457,produced to House Oversight; not posted publicly
HOUSE_OVERSIGHT_010458,produced to House Oversight; not posted publicly
HOUSE_OVERSIGHT_010459,produced to House Oversight; not posted publicly
HOUSE_OVERSIGHT_010460,produced to House Oversight; not posted publicly
HOUSE_OVERSIGHT_010461,produced to House Oversight; not posted publicly
HOUSE_OVERSIGHT_010462,produced to House Oversight; not posted publicly
HOUSE_OVERSIGHT_010463,produced to House Oversight; not posted publicly
HOUSE_OVERSIGHT_010464,produced to House Oversight; not posted publicly
HOUSE_OVERSIGHT_010465,produced to House Oversight; not posted publicly
HOUSE_OVERSIGHT_010466,produced to House Oversight; not posted publicly
HOUSE_OVERSIGHT_010467,produced to House Oversight; not posted publicly
HOUSE_OVERSIGHT_010468,produced to House Oversight; not posted publicly
HOUSE_OVERSIGHT_010469,produced to House Oversight; not posted publicly
HOUSE_OVERSIGHT_010470,produced to House Oversight; not posted publicly
HOUSE_OVERSIGHT_010471,produced to House Oversight; not posted publicly
HOUSE_OVERSIGHT_010472,produced to House Oversight; not posted publicly
HOUSE_OVERSIGHT_010473,produced to House Oversight; not posted publicly
HOUSE_OVERSIGHT_010474,produced to House Oversight; not posted publicly
HOUSE_OVERSIGHT_010475,produced to House Oversight; not posted publicly
HOUSE_OVERSIGHT_010476,produced to House Oversight; not posted publicly
